t_start,t_end,azimuth_deg,elevation_deg,range_m,est_azimuth_deg,est_elevation_deg,error_deg,bpf_hz
5.0,5.5,156.62111248185326,14.895605717664703,3.350935340921977,177.84922119445503,-19.52837132227781,40.26391774448424,
5.5,6.0,156.54073847173817,15.063520002176672,3.351111297991534,160.96327417429714,-15.875859967412017,31.246205861789175,
6.0,6.5,156.8492030503174,14.679642026576367,3.351808902658915,172.53492348770334,-19.853596995078508,37.82257580646261,
6.5,7.0,157.00221516585262,14.694015351879633,3.3519221177540137,169.08964335438284,-19.833359038950128,36.51685094054567,
7.0,7.5,157.1167356757159,14.725883781820647,3.3519198272910207,169.60303863894322,-20.288343187880226,37.102897572421966,
7.5,8.0,157.04558553187707,14.83221069951703,3.351805753076128,166.0453401729088,-19.57317919721866,35.52645960547079,
8.0,8.5,156.7302233847799,14.756140069133158,3.351459406779594,174.67003557663332,-20.381369657206413,39.31262212103304,
8.5,9.0,156.8579269779574,14.641317658390188,3.3516843278861685,159.13513608761957,-20.342404279249248,35.055252134092505,
9.0,9.5,157.1452581677672,14.697198768057504,3.35187374181844,96.50703061618871,-60.688090325389645,89.37188895341045,
9.5,10.0,156.88545209488157,15.041153275265517,3.3513908742963854,-72.49854524303903,-58.19631125763302,123.4955269053672,
10.0,10.5,156.8157231172611,14.634348195459415,3.350469878983555,91.62189976603463,60.70226955757475,65.22991614831314,
10.5,11.0,161.68030560398728,13.187851300858833,3.3276171091596125,108.2538397857415,44.71699434041451,55.05669336453563,
11.0,11.5,163.77179693566544,13.438291867420691,3.289942768652328,-10.243269104628988,-78.36564919927224,115.00503322945752,
11.5,12.0,162.90754903533957,10.913472701642174,3.277170009431775,170.98102730685096,43.41500994613969,33.24774067486989,
12.0,12.5,162.67569052172865,10.977047068215818,3.2510491441836793,178.27730141136706,45.511499855164146,37.01878671191825,
12.5,13.0,162.68662114706635,8.98530384176455,3.244229866433182,126.64546259396843,-16.935121578482008,44.06561561805152,
13.0,13.5,162.41658134658343,9.068130221533456,3.2389688263397,-9.3317095634412,43.72484536961757,126.67738062672757,
13.5,14.0,162.94033553647998,7.228319636674859,3.2265569073863842,-179.893753163138,-1.3013130722224588,19.13325489301058,
14.0,14.5,161.9920898192116,4.845469610113149,3.208375224098497,84.1253469402541,-34.900181049029385,82.90935488481048,
14.5,15.0,162.66683375484774,1.8049277804367323,3.196724357342728,-136.0680941743151,-38.404886695095435,69.08464296014135,
15.0,15.5,162.41864902548394,-4.224125234488375,3.1905313362135206,129.70233478801464,48.3320314965315,59.81444086824262,
15.5,16.0,162.16278646472242,-7.250569730303227,3.117673489186047,97.78394495710641,-20.1190982747238,63.49998528740328,
16.0,16.5,161.53110920281705,-9.76570860088444,2.9985437033512174,151.9084153909804,-9.87943230152328,9.48198765273555,
16.5,17.0,160.93131883498998,-11.494045256266643,2.8492974565697438,161.56486186619,-16.213108161895985,4.758956448211718,
17.0,17.5,158.89128249735543,-15.025636020768367,2.695271804256604,175.53238055635583,-18.171103999999993,16.247900100670236,
17.5,18.0,155.79254058924357,-19.94345659977157,2.5606989854044158,-175.48294531232597,-13.23980763469794,28.29019106111449,
18.0,18.5,152.59503788212083,-24.080921912200786,2.423297216183589,-19.895248965916547,-30.632368690890242,124.81512024854746,
18.5,19.0,149.56029920206882,-28.380034024914202,2.282588971262242,-19.525873463856247,-27.62423530067875,123.0268470107914,
19.0,19.5,145.533170490469,-30.92961911821221,2.1466317780117286,-28.10759846468249,38.87308145121457,170.5035245954129,
19.5,20.0,140.669057939835,-35.37073255353301,2.029545288565508,-29.519455385403646,39.59420205663593,171.14982599007823,
20.0,20.5,131.6542058352511,-37.385806234535885,1.9168310990044655,136.58667287416196,-32.12820555617187,6.635725285787527,
20.5,21.0,127.3684724099175,-42.06753433457627,1.7816626915745621,135.81362285020708,-34.041768562222096,10.411446742264097,
21.0,21.5,119.91605742875096,-45.905529921702865,1.6388208877019974,146.34061451064287,-33.83596709173375,23.43577258389554,
21.5,22.0,110.86293614641421,-51.46142650314499,1.518036498035111,-154.94094943243277,45.56803189157853,126.18978387811417,
22.0,22.5,97.6588624824255,-57.22617713864157,1.4250252407486679,-31.54581905216094,45.86702476571407,147.3236335825378,
22.5,23.0,78.21029956955132,-60.332637648041484,1.3535213176917462,-28.544581379931007,43.71953564107671,134.72104559908578,
23.0,23.5,59.78680558564101,-65.34005473381599,1.293036413133943,-33.91709118036244,44.68164102366226,131.16293456322248,
23.5,24.0,33.05094154266223,-66.89757361142966,1.2609385938700353,81.71210105777054,-36.41232501526956,41.01315178940761,
24.0,24.5,4.333485014494011,-67.1765454676273,1.2813170564658898,85.45731930871851,-53.71889681161568,38.88343641199848,
24.5,25.0,-17.52191447118571,-65.71036020613346,1.31373470108649,-11.614493582201748,-13.86782570429556,51.99690569008068,
25.0,25.5,-40.941794087640346,-61.51956897341095,1.360670966341421,-74.15144081490725,48.400211961080764,113.10475015282341,
25.5,26.0,-52.46971877147937,-57.22580994232443,1.410707359829168,-57.44266088706764,3.2318506231566397,60.591557244726175,
26.0,26.5,-66.15132425764438,-55.289624423018836,1.4655159005761587,-122.94703372120821,43.132334547981024,109.53901794865621,
26.5,27.0,-79.26575276174646,-50.45888006068038,1.531109163096364,-115.52164076830951,30.740383340763238,87.30291523376913,
27.0,27.5,-89.28386704485058,-50.05397244346632,1.5719054178127312,-85.55938966309985,-52.80193541387426,3.5967854870453135,
27.5,28.0,-99.57800202531146,-46.301872074600865,1.6325564180764516,-95.38155761313519,-47.89684704720359,3.2710902147600547,
28.0,28.5,-109.73540493601071,-44.66606643556469,1.7051800427601647,151.50616194198668,-32.40587532329545,73.42312617770136,
28.5,29.0,-118.19450208710434,-42.92138248576762,1.7896269494804082,-109.55369190002918,-44.93791973367521,6.53775302264102,
29.0,29.5,-125.00667677542648,-39.30485809540093,1.9081200184277114,-120.28964061615964,-22.668448931405973,17.113741818761,
29.5,30.0,-131.10646669179837,-34.30651470360039,2.039339267137452,153.88654554075487,-29.620654196414478,62.33237133985947,
30.0,30.5,-136.92833538014358,-32.919963707060425,2.1313785988515077,-147.87278889031668,-36.760702487534424,9.761378145816046,
30.5,31.0,-144.1333222968367,-33.50315586689299,2.1759196890411387,-8.390429877671476,39.695720306378355,144.30029692932834,
31.0,31.5,-151.4325270109646,-33.65009019946105,2.235087135914293,-12.296990668032468,38.91235032649757,146.91989158047036,
31.5,32.0,-156.48749359504893,-32.767247871618096,2.3424252891302664,143.8311666309168,53.27275664207707,100.36664778476009,
32.0,32.5,-159.82698794461263,-26.096650444740256,2.4818676921967526,-162.13811437725957,-24.052959498226414,2.9253655161851637,
32.5,33.0,-162.73759859882233,-29.679368471852314,2.6111089319802514,-177.03153696922348,-6.288530072391802,26.990319214065554,
33.0,33.5,-170.38081588411413,-24.22733703729268,2.6559098295872703,19.734191684391106,42.97993182852387,159.4793794192906,
33.5,34.0,-173.64864637083195,-30.10239519976078,2.7207831969815306,138.1936877541592,52.414364718128674,92.60433190212298,
34.0,34.5,-179.8468961507136,-25.46031459671485,2.7194460916462826,177.40963707855371,-18.882894818641894,7.0502724199629485,
34.5,35.0,-179.00243540289034,-26.982276302856594,2.7579547021840787,147.1333976668715,44.48952193553401,77.88189186408823,
35.0,35.5,178.21342580789428,-26.689043666678245,2.760484637701748,175.84060556920605,-22.034685669949777,5.131378102881052,
35.5,36.0,179.343827435649,-22.99202131811582,2.7750719635910412,177.35065129969254,-15.493580070372175,7.730518478594219,
36.0,36.5,175.43267642280904,-26.967696315955525,2.8067803711805968,177.00361179292923,-17.617734884470472,9.461893110497888,
36.5,37.0,173.22622254675878,-22.548209903755936,2.8224661478982163,169.95416359612557,-22.697552009778125,3.0239238323782844,
37.0,37.5,168.66775824469295,-26.9912319618187,2.8728452834704545,162.73814452630526,-25.842095517458315,5.432756597739322,
37.5,38.0,166.74895362849952,-22.81243772239223,2.8944014200492365,-33.3737749506571,39.25186650437638,156.28360970144033,
38.0,38.5,161.59266970359218,-26.25627867358504,2.9379100582807847,165.73139291833652,-21.999962246233057,5.6895915068213,
38.5,39.0,154.77650116001402,-23.093443303236366,2.9468181593699825,-55.63405407911156,44.27304638835147,147.3345650783033,
39.0,39.5,143.64357267505983,-24.624090465608216,2.9660178704546887,146.98350905301731,-26.869301598853983,3.7534975211593222,
39.5,40.0,129.11875718363902,-23.35235080643539,2.96598400927392,121.00307682245796,-26.785542904367055,8.110702171487587,
40.0,40.5,112.9178477185762,-23.020863447215696,2.970877265639377,-134.59690935651835,-48.85640075889243,86.39329835196207,
40.5,41.0,96.17297948549444,-22.638948126552556,2.98312257972449,-30.258858432741704,39.930607816706186,131.86422977243762,
41.0,41.5,80.29506579866538,-23.09338066280215,2.982868766331221,84.74031880555981,-24.968399824664907,4.471609846859968,
41.5,42.0,62.94382948725476,-21.5629603038996,2.991531921332939,155.1130501909681,47.16021258275705,107.06311949527246,
42.0,42.5,49.066577526835395,-23.419016271473176,2.991428489927921,54.27835619994578,-7.05264782594537,17.115281515126057,
42.5,43.0,42.5289077840917,-21.846849657672433,2.9902984927130243,143.5181491402844,47.838131476335164,113.24120519082146,
43.0,43.5,38.56787146020256,-19.87537557101577,2.9601782571332884,-13.769326549710271,37.10974093974915,75.33748776987727,
43.5,44.0,35.24444069941696,-17.90516885825598,2.9560128360560927,-10.51942814372866,40.95445173795477,72.55270419611537,
44.0,44.5,32.75299984447168,-14.345597380695686,2.9568349724131737,-28.544581379931007,43.71953564107671,80.50070897351524,
44.5,45.0,27.13355820713236,-16.353273442830652,2.857537467281978,-46.27190069442371,48.83899802564907,91.81122547704186,
45.0,45.5,24.371885573309132,-11.831913870039916,2.7815156303134265,-9.070454401620635,38.83125319654095,59.49267842739274,
45.5,46.0,22.87937767078799,-9.368474216519184,2.7207284665368388,-7.4467027756709365,38.187641970898355,55.3367580369679,
46.0,46.5,21.480050258619936,-4.80109071240528,2.7125315021829555,138.1525227374659,48.189950541708924,111.13658376014519,
46.5,47.0,21.656094615731412,-0.9283594112225633,2.77834338475954,29.413465530273815,-27.491802344349566,27.585257119216422,
47.0,47.5,22.43596259182314,3.7911707598451176,2.8639157109618276,22.938076008032578,-23.75611429418483,27.551629359529954,
47.5,48.0,23.340453258276934,9.784880354729708,2.989092892013939,23.918321879232714,32.80538248808385,23.02667354605549,
48.0,48.5,24.890539923607673,11.567060073434371,3.0566903206333773,-6.827766514554855,41.33966708944042,40.699304547115624,
48.5,49.0,24.74660896694393,16.353441398049597,3.1353111967517164,107.9284656936831,43.01722237347988,74.01559561471082,
49.0,49.5,25.699401121608723,15.893224057291443,3.1683825234519927,-82.84706030584475,55.859685328267005,86.84906085258312,
49.5,50.0,25.59613178157002,16.15757307254244,3.168032878824438,11.201946098192739,-85.68440483976103,101.97483649339328,
50.0,50.5,25.44622666691061,15.8230720642353,3.1689160139123964,96.80597747375802,52.73879416444249,66.22187660727607,
50.5,51.0,25.705503812012164,16.197292482978554,3.1691784860131946,-4.541633206189574,-83.33806174204275,100.41769574324034,
51.0,51.5,25.67611234581785,16.249926779090885,3.170368482846498,6.11433061985113,-81.57975096031642,98.29923725955577,
51.5,52.0,25.94233353357218,15.530968790828032,3.170268787394956,3.4877073982853575,-16.748167831900734,39.149089307296116,
